,clade,expr,min,lq,mean,median,uq,max,neval,n,Hits
1,Odontophoridae,testBench(x),71.44391235,118.2448118,109.7172028,118.6797652,119.2319432,120.9855815,5,30,10964
2,Trichostrongylidae,testBench(x),125.669176,128.3384184,131.5134436,131.7452712,134.2931993,137.521153,5,16,2114
3,Dicksoniaceae,testBench(x),106.4355433,109.1634125,109.9415635,110.6513076,111.6773328,111.7802213,5,32,684
4,Halobates,testBench(x),60.83882596,125.5143448,113.4116541,125.5612518,126.8107634,128.3330846,5,26,1439
5,Ctenidae,testBench(x),85.01655519,96.83711979,96.01006587,97.29463586,99.20117189,101.7008466,5,35,2830
6,Psocidae,testBench(x),112.6119467,118.127985,139.6419165,150.4502534,152.2106189,164.8087783,5,95,2291
7,Treubiales,testBench(x),167.6970823,169.4844756,173.3097591,169.8890928,178.5578934,180.9202516,5,7,95